[
  {
    "text": "________?  There's an app for that",
    "id": 494
  },
  {
    "text": "Why can't I sleep at night?",
    "id": 495
  },
  {
    "text": "What's that smell?",
    "id": 496
  },
  {
    "text": "I got 99 problems but ________ ain't one",
    "id": 497
  },
  {
    "text": "Maybe she's born with it.  Maybe it's ________",
    "id": 498
  },
  {
    "text": "What's the next Happy Meal® toy?",
    "id": 499
  },
  {
    "text": "Anthropologists have recently discovered a primitive tribe that worships ________",
    "id": 500
  },
  {
    "text": "It's a pity that kids these days are all getting involved with ________",
    "id": 501
  },
  {
    "text": "During Picasso's often-overlooked Brown Period, he produced hundreds of paintings of ________",
    "id": 502
  },
  {
    "text": "Alternative medicine is now embracing the curative powers of ________",
    "id": 503
  },
  {
    "text": "And the Academy Award for ________ goes to ________",
    "id": 504
  },
  {
    "text": "What's that sound?",
    "id": 505
  },
  {
    "text": "What ended my last relationship?",
    "id": 506
  },
  {
    "text": "MTV's new reality show features eight washed-up celebrities living with ________",
    "id": 507
  },
  {
    "text": "I drink to forget ________",
    "id": 508
  },
  {
    "text": "I'm sorry professor, but I couldn't complete my homework because of ________",
    "id": 509
  },
  {
    "text": "What is Batman's guilty pleasure?",
    "id": 510
  },
  {
    "text": "This is the way the world ends\nThis is the way the world ends\nNot with a bang but with ________",
    "id": 511
  },
  {
    "text": "What's a girl's best friend?",
    "id": 512
  },
  {
    "text": "TSA guidelines now prohibit ________ on airplanes",
    "id": 513
  },
  {
    "text": "________.  That's how I want to die",
    "id": 514
  },
  {
    "text": "For my next trick, I will pull ________ out of ________",
    "id": 515
  },
  {
    "text": "In the new Disney Channel Original Movie, Hannah Montana struggles with ________ for the first time",
    "id": 516
  },
  {
    "text": "________ is a slippery slope that leads to ________",
    "id": 517
  },
  {
    "text": "What does Dick Cheney prefer?",
    "id": 518
  },
  {
    "text": "Dear Abby, I'm having some trouble with ________ and would like your advice",
    "id": 519
  },
  {
    "text": "Instead of coal, Santa now gives the bad children ________",
    "id": 520
  },
  {
    "text": "What's the most emo?",
    "id": 521
  },
  {
    "text": "In 1,000 years when paper money is but a distant memory, ________ will be our currency",
    "id": 522
  },
  {
    "text": "What's the next superhero/sidekick duo?",
    "id": 523
  },
  {
    "text": "In M. Night Shyamalan's new movie, Bruce Willis discovers that ________ had really been ________ all along",
    "id": 524
  },
  {
    "text": "A romantic, candlelit dinner would be incomplete without ________",
    "id": 525
  },
  {
    "text": "________.  Becha can't have just one!",
    "id": 526
  },
  {
    "text": "White people like ________",
    "id": 527
  },
  {
    "text": "________.  High five, bro",
    "id": 528
  },
  {
    "text": "Next from J.K. Rowling: Harry Potter and the Chamber of ________",
    "id": 529
  },
  {
    "text": "BILLY MAYS HERE FOR ________",
    "id": 530
  },
  {
    "text": "In a world ravaged by ________, our only solace is ________",
    "id": 531
  },
  {
    "text": "War!  What is it good for?",
    "id": 532
  },
  {
    "text": "During sex, I like to think about ________",
    "id": 533
  },
  {
    "text": "What are my parents hiding from me?",
    "id": 534
  },
  {
    "text": "What will always get you laid?",
    "id": 535
  },
  {
    "text": "In L.A. County Jail, word is you can trade 200 cigarettes for ________",
    "id": 536
  },
  {
    "text": "What did I bring back from Mexico?",
    "id": 537
  },
  {
    "text": "What don't you want to find in your Chinese food?",
    "id": 538
  },
  {
    "text": "What will I bring back in time to convince people that I am a powerful wizard?",
    "id": 539
  },
  {
    "text": "How am I maintaining my relationship status?",
    "id": 540
  },
  {
    "text": "________.  It's a trap!",
    "id": 541
  },
  {
    "text": "Coming to Broadway this season, ________: The Musical",
    "id": 542
  },
  {
    "text": "While the United States raced the Soviet Union to the moon, the Mexican government funneled millions of pesos into research on ________",
    "id": 543
  },
  {
    "text": "After the earthquake, Sean Penn brought ________ to the people of Haiti",
    "id": 544
  },
  {
    "text": "Next on ESPN2, the World Series of ________",
    "id": 545
  },
  {
    "text": "Step 1: ________.  Step 2: ________.  Step 3: Profit",
    "id": 546
  },
  {
    "text": "Rumor has it that Vladimir Putin's favorite dish is ________ stuffed with ________",
    "id": 547
  },
  {
    "text": "But before I kill you, Mr. Bond, I must show you ________",
    "id": 548
  },
  {
    "text": "What gives me uncontrollable gas?",
    "id": 549
  },
  {
    "text": "What do old people smell like?",
    "id": 550
  },
  {
    "text": "The class field trip was completely ruined by ________",
    "id": 551
  },
  {
    "text": "When Pharaoh remained unmoved, Moses called down a Plague of ________",
    "id": 552
  },
  {
    "text": "What's my secret power?",
    "id": 553
  },
  {
    "text": "What's there a ton of in heaven?",
    "id": 554
  },
  {
    "text": "What would grandma find disturbing, yet oddly charming?",
    "id": 555
  },
  {
    "text": "I never truly understood ________ until I encountered ________",
    "id": 556
  },
  {
    "text": "What did the U.S. airdrop to the children of Afghanistan?",
    "id": 557
  },
  {
    "text": "What helps Obama unwind?",
    "id": 558
  },
  {
    "text": "What did Vin Diesel eat for dinner?",
    "id": 559
  },
  {
    "text": "________: good to the last drop",
    "id": 560
  },
  {
    "text": "Why am I sticky?",
    "id": 561
  },
  {
    "text": "What gets better with age?",
    "id": 562
  },
  {
    "text": "________: kid-tested, mother-approved",
    "id": 563
  },
  {
    "text": "What's the crustiest?",
    "id": 564
  },
  {
    "text": "What's Teach for America using to inspire inner city students to succeed?",
    "id": 565
  },
  {
    "text": "Studies show that lab rats navigate mazes 50% faster after being exposed to ________",
    "id": 566
  },
  {
    "text": "Life for American Indians was forever changed when the White Man introduced them to ________",
    "id": 567
  },
  {
    "text": "Make a haiku",
    "id": 568
  },
  {
    "text": "I do not know with what weapons World War III will be fought, but World War IV will be fought with ________",
    "id": 569
  },
  {
    "text": "Why do I hurt all over?",
    "id": 570
  },
  {
    "text": "What am I giving up for Lent?",
    "id": 571
  },
  {
    "text": "In Michael Jackson's final moments, he thought about ________",
    "id": 572
  },
  {
    "text": "In an attempt to reach a wider audience, the Smithsonian Museum of Natural History has opened an interactive exhibit on ________",
    "id": 573
  },
  {
    "text": "When I am President of the United States, I will create the Department of ________",
    "id": 574
  },
  {
    "text": "Lifetime® presents ________, the story of ________",
    "id": 575
  },
  {
    "text": "When I am a billionaire, I shall erect a 50-foot statue to commemorate ________",
    "id": 576
  },
  {
    "text": "When I was tripping on acid, ________ turned into ________",
    "id": 577
  },
  {
    "text": "That's right, I killed ________.  How, you ask?  ________",
    "id": 578
  },
  {
    "text": "What's my anti-drug?",
    "id": 579
  },
  {
    "text": "________ + ________ = ________",
    "id": 580
  },
  {
    "text": "What never fails to liven up the party?",
    "id": 581
  },
  {
    "text": "What's the new fad diet?",
    "id": 582
  },
  {
    "text": "Major League Baseball has banned ________ for giving players an unfair advantage",
    "id": 583
  },
  {
    "text": "My plan for world domination begins with ________",
    "id": 664
  },
  {
    "text": "The CIA now interrogates enemy agents by repeatedly subjecting them to ________",
    "id": 665
  },
  {
    "text": "Dear Sir or Madam, We regret to inform you that the Office of ________ has denied your request for ________",
    "id": 666
  },
  {
    "text": "In Rome, there are whisperings that the Vatican has a secret room devoted to ________",
    "id": 667
  },
  {
    "text": "Science will never explain ________",
    "id": 668
  },
  {
    "text": "When all else fails, I can always masturbate to ________",
    "id": 669
  },
  {
    "text": "I learned the hard way that you can't cheer up a grieving friend with ________",
    "id": 670
  },
  {
    "text": "In its new tourism campaign, Detroit proudly proclaims that it has finally eliminated ________",
    "id": 671
  },
  {
    "text": "An international tribunal has found ________ guilty of ________",
    "id": 672
  },
  {
    "text": "The socialist governments of Scandinavia have declared that access to ________ is a basic human right",
    "id": 673
  },
  {
    "text": "In his new self-produced album, Kanye West raps over the sounds of ________",
    "id": 674
  },
  {
    "text": "What's the gift that keeps on giving?",
    "id": 675
  },
  {
    "text": "Next season on Man vs. Wild, Bear Grylls must survive in the depths of the Amazon with only ________ and his wits",
    "id": 676
  },
  {
    "text": "When I pooped, what came out of my butt?",
    "id": 677
  },
  {
    "text": "In the distant future, historians will agree that ________ marked the beginning of America's decline",
    "id": 678
  },
  {
    "text": "In a pinch, ________ can be a suitable substitute for ________",
    "id": 679
  },
  {
    "text": "What has been making life difficult at the nudist colony?",
    "id": 680
  },
  {
    "text": "Michael Bay's new three-hour action epic pits ________ against ________",
    "id": 681
  },
  {
    "text": "And I would have gotten away with it, too, if it hadn't been for ________",
    "id": 682
  },
  {
    "text": "What brought the orgy to a grinding halt?",
    "id": 683
  },
  {
    "text": "During his midlife crisis, my dad got really into ________",
    "id": 759
  },
  {
    "text": "________ would be woefully incomplete without ________",
    "id": 760
  },
  {
    "text": "My new favorite porn star is Joey \"________\" McGee",
    "id": 761
  },
  {
    "text": "Before I run for president, I must destroy all evidence of my involvement with ________",
    "id": 762
  },
  {
    "text": "This is your captain speaking. Fasten your seatbelts and prepare for ________",
    "id": 763
  },
  {
    "text": "In his newest and most difficult stunt, David Blaine must escape from ________",
    "id": 764
  },
  {
    "text": "The Five Stages of Grief: denial, anger, bargaining, ________, and acceptance",
    "id": 765
  },
  {
    "text": "My mom freaked out when she looked at my browser history and found ________.com/________",
    "id": 766
  },
  {
    "text": "I went from ________ to ________, all thanks to ________",
    "id": 767
  },
  {
    "text": "Members of New York's social elite are paying thousands of dollars just to experience ________",
    "id": 768
  },
  {
    "text": "This month's Cosmo: \"Spiceupyoursexlifebybringing________intothebedroom.\"",
    "id": 769
  },
  {
    "text": "Little Miss Muffet Sat on a tuffet, Eating her curds and ________",
    "id": 770
  },
  {
    "text": "If God didn't want us to enjoy ________, he wouldn't have given us ________",
    "id": 771
  },
  {
    "text": "My country, 'tis of thee, sweet land of ________",
    "id": 772
  },
  {
    "text": "After months of debate, the Occupy Wall Street General Assembly could only agree on \"More________!\"",
    "id": 773
  },
  {
    "text": "I spent my whole life working toward ________, only to have it ruined by ________",
    "id": 774
  },
  {
    "text": "Next time on Dr. Phil: How to talk to your child about ________",
    "id": 775
  },
  {
    "text": "Only two things in life are certain: death and ________",
    "id": 776
  },
  {
    "text": "Everyone down on the ground! We don't want to hurt anyone. We're just here for ________",
    "id": 777
  },
  {
    "text": "The healing process began when I joined a support group for victims of ________",
    "id": 778
  },
  {
    "text": "The votes are in, and the new high school mascot is ________",
    "id": 779
  },
  {
    "text": "Charades was ruined for me forever when my mom had to act out ________",
    "id": 780
  },
  {
    "text": "Before ________, all we had was ________",
    "id": 781
  },
  {
    "text": "Tonight on 20/20: What you don't know about ________ could kill you",
    "id": 782
  },
  {
    "text": "You haven't truly lived until you've experienced ________ and ________ at the same time",
    "id": 783
  },
  {
    "text": "D&D 4.0 isn't real D&D because of the ________",
    "id": 784
  },
  {
    "text": "It's a D&D retroclone with ________ added",
    "id": 785
  },
  {
    "text": "Storygames aren't RPGs because of the ________",
    "id": 786
  },
  {
    "text": "The Slayer's Guide to ________",
    "id": 787
  },
  {
    "text": "Worst character concept ever: ________, but with ________",
    "id": 788
  },
  {
    "text": "Alightment: Chaotic ________",
    "id": 789
  },
  {
    "text": "It's a D&D retroclone with ________ added",
    "id": 790
  },
  {
    "text": "What made the paladin fall? ________",
    "id": 791
  },
  {
    "text": "The portal leads to the quasi-elemental plane of ________",
    "id": 792
  },
  {
    "text": "The Temple of Elemental ________",
    "id": 793
  },
  {
    "text": "Pathfinder is basically D&D ________ Edition",
    "id": 794
  },
  {
    "text": "________ : The Storytelling Game",
    "id": 795
  },
  {
    "text": "People are wondering why Steve Jackson published GURPS ________",
    "id": 796
  },
  {
    "text": "Linear Fighter, Quadratic ________",
    "id": 797
  },
  {
    "text": "You start with 1d4 ________ points",
    "id": 798
  },
  {
    "text": "Back when I was 12 and I was just starting playing D&D, the game had ________",
    "id": 799
  },
  {
    "text": "Big Eyes, Small ________",
    "id": 800
  },
  {
    "text": "In the grim darkness of the future there is only ________",
    "id": 801
  },
  {
    "text": "My innovative new RPG has a stat for ________",
    "id": 802
  },
  {
    "text": "A true gamer has no problem with ________",
    "id": 803
  },
  {
    "text": "Elminster cast a potent ________ spell and then had sex with ________",
    "id": 804
  },
  {
    "text": "The Deck of Many ________",
    "id": 805
  },
  {
    "text": "You are all at a tavern when ________ approach you",
    "id": 806
  },
  {
    "text": "For the convention I cosplayed as Sailor Moon, except with ________",
    "id": 893
  },
  {
    "text": "The worst part of Grave of the Fireflies is all the ________",
    "id": 894
  },
  {
    "text": "In the Evangelion remake, Shinji has to deal with ________",
    "id": 895
  },
  {
    "text": "Worst anime convention purchase ever? ________",
    "id": 896
  },
  {
    "text": "While powering up Vegeta screamed, ________!",
    "id": 897
  },
  {
    "text": "You evaded my ________ attack. Most impressive",
    "id": 898
  },
  {
    "text": "I downloaded a doujin where ________ got into ________",
    "id": 899
  },
  {
    "text": "The magical girl found out that the Power of Love is useless against ________",
    "id": 900
  },
  {
    "text": "The Japanese government has spent billions of yen researching ________",
    "id": 901
  },
  {
    "text": "In the dubbed version they changed ________ into ________",
    "id": 902
  },
  {
    "text": "________ is Best Pony",
    "id": 903
  },
  {
    "text": "The ________ of Haruhi Suzumiya",
    "id": 904
  },
  {
    "text": "The new thing in Akihabara is fetish cafes where you can see girls dressed up as ________",
    "id": 905
  },
  {
    "text": "Your drill can pierce ________!",
    "id": 906
  },
  {
    "text": "Avatar: The Last ________ bender",
    "id": 907
  },
  {
    "text": "In the name of ________ Sailor Moon will punish you!",
    "id": 908
  },
  {
    "text": "No harem anime is complete without ________",
    "id": 909
  },
  {
    "text": "My boyfriend's a ________ now",
    "id": 910
  },
  {
    "text": "The ________ of ________ has left me in despair!",
    "id": 911
  },
  {
    "text": "________.tumblr.com",
    "id": 912
  },
  {
    "text": "Somehow they made a cute mascot girl out of ________",
    "id": 913
  },
  {
    "text": "Haruko hit Naoto in the head with her bass guitar and ________ came out",
    "id": 914
  },
  {
    "text": "After blacking out during New year's Eve, I was awoken by ________",
    "id": 1001
  },
  {
    "text": "This holiday season, Tim Allen must overcome his fear of ________ to save Christmas",
    "id": 1002
  },
  {
    "text": "Jesus is ________",
    "id": 1003
  },
  {
    "text": "Every Christmas, my uncle gets drunk and tells the story about ________",
    "id": 1004
  },
  {
    "text": "What keeps me warm during the cold, cold, winter?",
    "id": 1005
  },
  {
    "text": "On the third day of Christmas, my true love gave to me: three French hens, two turtle doves, and ________",
    "id": 1006
  },
  {
    "text": "Wake up, America. Christmas is under attack by secular liberals and their ________",
    "id": 1007
  },
  {
    "text": "We got the third rope, now where's the fourth?",
    "id": 1033
  },
  {
    "text": "Tonights main event, ________ vs. ________",
    "id": 1036
  },
  {
    "text": "Tackle, Dropdown, ________",
    "id": 1038
  },
  {
    "text": "Christopher Daniels is late on his ________",
    "id": 1040
  },
  {
    "text": "Instead of booking ________, they should have booked ________",
    "id": 1046
  },
  {
    "text": "Genius is 10% inspiration, 90% ________",
    "id": 1047
  },
  {
    "text": "They found ________ in the dumpster behind ________",
    "id": 1048
  },
  {
    "text": "The best thing I ever got for Christmas was ________",
    "id": 1050
  },
  {
    "text": "There's no crying in ________",
    "id": 1052
  },
  {
    "text": "Mastodon! Pterodactyl! Triceratops! Sabretooth Tiger! ________!",
    "id": 1053
  },
  {
    "text": "Don't eat the ________",
    "id": 1055
  },
  {
    "text": "He did ________ with the ________!?!",
    "id": 1058
  },
  {
    "text": "SOOOOO hot, want to touch the ________",
    "id": 1061
  },
  {
    "text": "Stop looking at me ________!",
    "id": 1062
  },
  {
    "text": "I'm cuckoo for ________ puffs",
    "id": 1066
  },
  {
    "text": "Silly rabbit, ________ are for kids",
    "id": 1067
  },
  {
    "text": "Between love and madness lies ________",
    "id": 1176
  },
  {
    "text": "Instead of chess, the Grim Reaper now gambles for your soul with a game of ________",
    "id": 1177
  },
  {
    "text": "My father gave his life fighting to protect ________ from ________",
    "id": 1178
  },
  {
    "text": "Why is my throat sore?",
    "id": 1179
  },
  {
    "text": "________ sparked a city-wide riot that only ended with ________",
    "id": 1180
  },
  {
    "text": "I’m very sorry Mrs. Smith, but Little Billy has tested positive for ________",
    "id": 1181
  },
  {
    "text": "Instead of beating them, Chris Brown now does ________ to women",
    "id": 1182
  },
  {
    "text": "Instead of cutting, trendy young emo girls now engage in ________",
    "id": 1183
  },
  {
    "text": "The definition of rock bottom is gambling away ________",
    "id": 1184
  },
  {
    "text": "The Mayan prophecies really heralded the coming of ________ in 2012",
    "id": 1185
  },
  {
    "text": "The next US election will be fought on the key issues of ________ against ________",
    "id": 1186
  },
  {
    "text": "When I was 10 I wrote to Santa wishing for ________",
    "id": 1187
  },
  {
    "text": "Where or How I met my last signifigant other: ________",
    "id": 1188
  },
  {
    "text": "________, Never leave home without it",
    "id": 1189
  },
  {
    "text": "________. This is my fetish",
    "id": 1190
  },
  {
    "text": "David Icke's newest conspiracy theory states that ________ caused ________",
    "id": 1191
  },
  {
    "text": "I did ________ so you don't have to!",
    "id": 1192
  },
  {
    "text": "I need your clothes, your bike, and ________",
    "id": 1193
  },
  {
    "text": "In a new Cold War retro movie, the red menace tries to conquer the world through the cunning use of ________",
    "id": 1194
  },
  {
    "text": "In college, our lecturer made us write a report comparing ________ to ________",
    "id": 1195
  },
  {
    "text": "In The Hangover part 3, those four guys have to deal with ________, ________, and ________",
    "id": 1196
  },
  {
    "text": "My zombie survival kit includes food, water, and ________",
    "id": 1197
  },
  {
    "text": "The way to a man's heart is through ________",
    "id": 1198
  },
  {
    "text": "What was the theme of my second wedding?",
    "id": 1199
  },
  {
    "text": "What's the newest Japanese craze to head West?",
    "id": 1200
  },
  {
    "text": "Everybody loves ________",
    "id": 1201
  },
  {
    "text": "I can only express myself through ________",
    "id": 1202
  },
  {
    "text": "My new porn DVD was completely ruined by the inclusion of ________",
    "id": 1203
  },
  {
    "text": "My three wishes will be for ________, ________, and ________",
    "id": 1204
  },
  {
    "text": "The latest horrifying school shooting was inspired by ________",
    "id": 1205
  },
  {
    "text": "I got fired because of my not-so-secret obsession over ________",
    "id": 1206
  },
  {
    "text": "My new favourite sexual position is ________",
    "id": 1207
  },
  {
    "text": "A successful job interview begins with a firm handshake and ends with ________",
    "id": 1283
  },
  {
    "text": "Lovin' you is easy 'cause you're ________",
    "id": 1284
  },
  {
    "text": "My life is ruled by a vicious cycle of ________ and ________",
    "id": 1285
  },
  {
    "text": "The blind date was going horribly until we discovered our shared interest in ________",
    "id": 1286
  },
  {
    "text": "________. Awesome in theory, kind of a mess in practice",
    "id": 1287
  },
  {
    "text": "I'm not like the rest of you. I'm too rich and busy for ________",
    "id": 1288
  },
  {
    "text": "In the seventh circle of Hell, sinners must endure ________ for all eternity",
    "id": 1289
  },
  {
    "text": "________: Hours of fun. Easy to use. Perfect for ________!",
    "id": 1290
  },
  {
    "text": "What left this stain on my couch?",
    "id": 1291
  },
  {
    "text": "Call the law offices of Goldstein & Goldstein, because no one should have to tolerate ________ in the workplace",
    "id": 1292
  },
  {
    "text": "When you get right down to it, ________ is just ________",
    "id": 1293
  },
  {
    "text": "Turns out that ________-Man was neither the hero we needed nor wanted",
    "id": 1294
  },
  {
    "text": "As part of his daily regimen, Anderson Cooper sets aside 15 minutes for ________",
    "id": 1295
  },
  {
    "text": "Money can't buy me love, but it can buy me ________",
    "id": 1296
  },
  {
    "text": "With enough time and pressure, ________ will turn into ________",
    "id": 1297
  },
  {
    "text": "And what did you bring for show and tell?",
    "id": 1298
  },
  {
    "text": "During high school, I never really fit in until I found ________ club",
    "id": 1299
  },
  {
    "text": "Hey, baby, come back to my place and I'll show you ________",
    "id": 1300
  },
  {
    "text": "After months of practice with ________, I think I'm finally ready for ________",
    "id": 1301
  },
  {
    "text": "To prepare for his upcoming role, Daniel Day-Lewis immersed himself in the world of ________",
    "id": 1302
  },
  {
    "text": "Finally! A service that delivers ________ right to your door",
    "id": 1303
  },
  {
    "text": "My gym teacher got fired for adding ________ to the obstacle course",
    "id": 1304
  },
  {
    "text": "Having problems with ________? Try ________!",
    "id": 1305
  },
  {
    "text": "As part of his contract, Prince won't perform without ________ in his dressing room",
    "id": 1306
  },
  {
    "text": "Listen, son. If you want to get involved with ________, I won't stop you. Just steer clear of ________",
    "id": 1307
  },
  {
    "text": "I just met you and this is crazy, but here's ________, so ________ maybe",
    "id": 1336
  },
  {
    "text": "It's only ________ if you get caught!",
    "id": 1337
  },
  {
    "text": "________: The Next Generation",
    "id": 1338
  },
  {
    "text": "Terminator 4: ________",
    "id": 1339
  },
  {
    "text": "Disney presents ________ on ice!",
    "id": 1340
  },
  {
    "text": "________. The other white meat",
    "id": 1341
  },
  {
    "text": "A ________ a day keeps the ________ away",
    "id": 1342
  },
  {
    "text": "I'm sweating like a ________ at a ________",
    "id": 1344
  },
  {
    "text": "I love the smell of ________ in the morning",
    "id": 1345
  },
  {
    "text": "You're not gonna believe this, but ________",
    "id": 1346
  },
  {
    "text": "________. All the cool kids are doing it",
    "id": 1351
  },
  {
    "text": "So I was ________ in my cubicle at work, and suddenly ________!",
    "id": 1353
  },
  {
    "text": "Baskin Robbins just added a 32nd flavor: ________!",
    "id": 1355
  },
  {
    "text": "I can drive and ________ at the same time",
    "id": 1356
  },
  {
    "text": "________ ain't nothin' to fuck wit'!",
    "id": 1357
  },
  {
    "text": "If Ned Stark had ________, he never would have ________",
    "id": 1438
  },
  {
    "text": "Brace yourselves, ________ is coming",
    "id": 1439
  },
  {
    "text": "In exchange for his sister, Viserys was given ________",
    "id": 1440
  },
  {
    "text": "Despite his best efforts, King Robert filled his reign with ________",
    "id": 1441
  },
  {
    "text": "________ was proclaimed the true king of the Seven Kingdoms",
    "id": 1442
  },
  {
    "text": "In ________, you win or you lose",
    "id": 1443
  },
  {
    "text": "Because of ________, Danerys was called ________ by everyone",
    "id": 1444
  },
  {
    "text": "I will take what is mine with ________ and ________",
    "id": 1445
  },
  {
    "text": "There is no word for ________ in Dothraki",
    "id": 1446
  },
  {
    "text": "In the next Game of Thrones book, George R. R. Martin said ________ will ________",
    "id": 1447
  },
  {
    "text": "All hail ________! King of ________!",
    "id": 1448
  },
  {
    "text": "A Lannister always pays ________",
    "id": 1449
  },
  {
    "text": "First lesson, stick them with ________",
    "id": 1450
  },
  {
    "text": "In the name of ________, first of his ________",
    "id": 1451
  },
  {
    "text": "The things I do for ________",
    "id": 1452
  },
  {
    "text": "Hodor only ever says ________",
    "id": 1453
  },
  {
    "text": "The next Game of Thrones book will be titled ________ of ________",
    "id": 1454
  },
  {
    "text": "A Dothraki wedding without ________ is considered a dull affair",
    "id": 1455
  },
  {
    "text": "After I was caught ________, I was forced to join the Night's Watch",
    "id": 1456
  },
  {
    "text": "A man without ________ is a man without power",
    "id": 1457
  },
  {
    "text": "The most controversial game at PAX this year is an 8-bit indie platformer about ________",
    "id": 1495
  },
  {
    "text": "What made Spock cry?",
    "id": 1496
  },
  {
    "text": "________: Achievement unlocked",
    "id": 1497
  },
  {
    "text": "There was a riot at the Gearbox panel when they gave the attendees ________",
    "id": 1498
  },
  {
    "text": "In the new DLC for Mass Effect, Shepard must save the galaxy from ________",
    "id": 1499
  },
  {
    "text": "What's the latest bullshit that's troubling this quaint fantasy town?",
    "id": 1500
  },
  {
    "text": "No Enforcer wants to manage the panel on ________",
    "id": 1501
  },
  {
    "text": "I have an idea even better than Kickstarter, and it's called ________starter",
    "id": 1526
  },
  {
    "text": "You have been waylaid by ________ and must defend yourself",
    "id": 1527
  },
  {
    "text": "In the final round of this year's Omegathon, Omeganauts must face off in a game of ________",
    "id": 1528
  },
  {
    "text": "Action stations! Action stations! Set condition one throughout the fleet and brace for ________!",
    "id": 1529
  },
  {
    "text": "Press ↓↓←→ to unleash ________",
    "id": 1530
  },
  {
    "text": "I don't know exactly how I got the PAX plague, but I suspect it had something to do with ________",
    "id": 1531
  },
  {
    "text": "/r/ ________",
    "id": 1811
  },
  {
    "text": "The Ada Initiative is now attacking ________",
    "id": 1812
  },
  {
    "text": "Not another ________ in the hotel elevator!",
    "id": 1813
  },
  {
    "text": "Closing Ceremonies drinking game: Every time ________ is mentioned... DRINK!",
    "id": 1814
  },
  {
    "text": "In a Congressional hearing, US CYBERCOM commander Gen. Alexander claimed the latest data breach was due to ________",
    "id": 1815
  },
  {
    "text": "The Maker Faire was unexpectedly interrupted by ________",
    "id": 1816
  },
  {
    "text": "Do you even ________?",
    "id": 1817
  },
  {
    "text": "Come to the dark side, we have ________",
    "id": 1818
  },
  {
    "text": "Y U NO ________!!!!!",
    "id": 1819
  },
  {
    "text": "While alone in the server room I ________",
    "id": 1820
  },
  {
    "text": "When I get drunk I am an expert on ________",
    "id": 1821
  },
  {
    "text": "Well, guess what? I’ve got a fever, and the only prescription is more ________",
    "id": 1822
  },
  {
    "text": "We should take ________ and push it ________",
    "id": 1823
  },
  {
    "text": "We decided to ________ to raise money for the EFF",
    "id": 1824
  },
  {
    "text": "TSA wouldn't allow me through because of my ________",
    "id": 1825
  },
  {
    "text": "Tonight's Final Hacker Jeopardy category will be ________!",
    "id": 1826
  },
  {
    "text": "Today's PaulDotCom podcast featured ________",
    "id": 1827
  },
  {
    "text": "These are not the ________ you are looking for",
    "id": 1828
  },
  {
    "text": "The snozberries taste like ________",
    "id": 1829
  },
  {
    "text": "The only winning move is to ________",
    "id": 1830
  },
  {
    "text": "The next cyber war will feature ________",
    "id": 1831
  },
  {
    "text": "The best part of Alexis Park was all the ________",
    "id": 1832
  },
  {
    "text": "So long and thanks for all the ________",
    "id": 1833
  },
  {
    "text": "Security through obscurity is better than ________",
    "id": 1834
  },
  {
    "text": "Rule 34 ________",
    "id": 1835
  },
  {
    "text": "Rock, Paper, Scissors, Lizard, ________",
    "id": 1836
  },
  {
    "text": "Our most powerful weapon for the Zombie Apocalypse will be ________",
    "id": 1837
  },
  {
    "text": "Only half of programming is coding. The other 90% is ________",
    "id": 1838
  },
  {
    "text": "One does not simply ________",
    "id": 1839
  },
  {
    "text": "On the Internet, no one can tell you're ________",
    "id": 1840
  },
  {
    "text": "Occupy ________",
    "id": 1841
  },
  {
    "text": "Next year's scavenger hunt is rumored to include finding a ________ with a ________",
    "id": 1842
  },
  {
    "text": "Next time we meet we should ________",
    "id": 1843
  },
  {
    "text": "My extremely large ________ is what makes me better than you",
    "id": 1844
  },
  {
    "text": "My ________ brings all the ________ to the yard",
    "id": 1845
  },
  {
    "text": "Most hackers smell like ________",
    "id": 1846
  },
  {
    "text": "Las Vegas is best known for ________",
    "id": 1847
  },
  {
    "text": "Keep calm and ________",
    "id": 1848
  },
  {
    "text": "It's dangerous to go alone. Take ________",
    "id": 1849
  },
  {
    "text": "It smells like ________ in this room",
    "id": 1850
  },
  {
    "text": "In a shocking move Archive.org decided to NOT back up ________",
    "id": 1851
  },
  {
    "text": "I'mma let you finish but ________ is the best ________ of all time",
    "id": 1852
  },
  {
    "text": "I'm fucking tired of hearing about ________",
    "id": 1853
  },
  {
    "text": "I would be doing more with my life, except for this ________ in the way",
    "id": 1854
  },
  {
    "text": "I work 80 hours a week and still can't afford a ________",
    "id": 1855
  },
  {
    "text": "I used to be a hacker like you, until I took a(n) ________ to the knee",
    "id": 1856
  },
  {
    "text": "I use ________ to secure all of my personal data",
    "id": 1857
  },
  {
    "text": "I spotted the fed and all I got was ________",
    "id": 1858
  },
  {
    "text": "I look like a geeky hacker, but I don't know anything about ________",
    "id": 1859
  },
  {
    "text": "I have the biggest ________, ever!",
    "id": 1860
  },
  {
    "text": "I find your lack of ________ disturbing",
    "id": 1861
  },
  {
    "text": "I can't believe they rejected my talk on ________",
    "id": 1862
  },
  {
    "text": "I can haz ________",
    "id": 1863
  },
  {
    "text": "HOLY ________ BATMAN!!",
    "id": 1864
  },
  {
    "text": "High Tech start-up company combines ________ with ________",
    "id": 1865
  },
  {
    "text": "Go home ________, you're drunk",
    "id": 1866
  },
  {
    "text": "Go Go Gadget ________!",
    "id": 1867
  },
  {
    "text": "Drink all the ________. Hack all the ________",
    "id": 1868
  },
  {
    "text": "Def Con Kids will now focus on teaching young hackers ________",
    "id": 1869
  },
  {
    "text": "Confession Bear Says: ________",
    "id": 1870
  },
  {
    "text": "But does ________ run NetBSD?",
    "id": 1871
  },
  {
    "text": "Am I the only one around here who ________",
    "id": 1872
  },
  {
    "text": "All I did was ________ but someone gave me a red card",
    "id": 1873
  },
  {
    "text": "35% of all hackers have to deal with ________",
    "id": 1874
  },
  {
    "text": "________. There's an app for that",
    "id": 1875
  },
  {
    "text": "________. This is why I can't have nice things!",
    "id": 1876
  },
  {
    "text": "________: You keep using that term. I do not think it means what you think it means",
    "id": 1877
  },
  {
    "text": "________ is now outsourced to call centers in India",
    "id": 1878
  },
  {
    "text": "________ shot first",
    "id": 1879
  },
  {
    "text": "________ Killed the barrel roll",
    "id": 1880
  },
  {
    "text": "________ A'int Nobody Got Time For Dat!!",
    "id": 1881
  },
  {
    "text": "________ Put a bird on it!",
    "id": 1882
  },
  {
    "text": "________ makes me puke rainbows",
    "id": 1883
  },
  {
    "text": "________ is also monitored by Prism",
    "id": 1884
  },
  {
    "text": "________ is what keeps us together",
    "id": 1885
  },
  {
    "text": "________ is a better replacement for crypto",
    "id": 1886
  },
  {
    "text": "________ riding a Segway",
    "id": 1887
  },
  {
    "text": "One day, over my fireplace, I'm going to have a massive painting of ________. You know, to remind me where I came from",
    "id": 1888
  },
  {
    "text": "2 AM in the city that never sleeps. The door swings open and she walks in, legs up to here. Something in her eyes tells me she's looking for ________",
    "id": 1959
  },
  {
    "text": "Adventure. Romance. ________. From Paramount Pictures, \"________.\"",
    "id": 1960
  },
  {
    "text": "Alright, bros. Our frat house is condemned, and all the hot slampieces are over at Gamma Phi. The time has come to commence Operation ________",
    "id": 1961
  },
  {
    "text": "As king, how will I keep the peasants in line?",
    "id": 1962
  },
  {
    "text": "Dear Leader Kim Jong-un, our village praises your infinite wisdom with a humble offering of ________",
    "id": 1963
  },
  {
    "text": "Do not fuck with me! I am literally ________ right now",
    "id": 1964
  },
  {
    "text": "Every step towards ________ gets me a little bit closer to ________",
    "id": 1965
  },
  {
    "text": "Forget everything you know about ________, because now we've supercharged it with ________!",
    "id": 1966
  },
  {
    "text": "Honey, I have a new role-play I want to try tonight! You can be ________, and I'll be ________",
    "id": 1967
  },
  {
    "text": "How am I compensating for my tiny penis?",
    "id": 1968
  },
  {
    "text": "I am become ________, destroyer of ________!",
    "id": 1969
  },
  {
    "text": "I'm pretty sure I'm high right now, because I'm absolutely mesmerized by ________",
    "id": 1970
  },
  {
    "text": "I'm sorry sir, but we don't allow ________ at the country club",
    "id": 1971
  },
  {
    "text": "If you can't handle ________, you'd better stay away from ________",
    "id": 1972
  },
  {
    "text": "In return for my soul, the Devil promised me ________ but all I got was ________",
    "id": 1973
  },
  {
    "text": "In the beginning there was ________. And the Lord said, \"Let there be ________.\"",
    "id": 1974
  },
  {
    "text": "It lurks in the night. It hungers for flesh. This summer, no one is safe from ________",
    "id": 1975
  },
  {
    "text": "Man, this is bullshit. Fuck ________",
    "id": 1976
  },
  {
    "text": "Oprah's book of the month is \"________ For ________: A Story of Hope\"",
    "id": 1977
  },
  {
    "text": "She's up all night for good fun. I'm up all night for ________",
    "id": 1978
  },
  {
    "text": "The Japanese have developed a smaller, more efficient version of ________",
    "id": 1979
  },
  {
    "text": "This is the prime of my life. I'm young, hot, and full of ________",
    "id": 1980
  },
  {
    "text": "This year's hottest album is \"________\" by ________",
    "id": 1981
  },
  {
    "text": "We never did find ________, but along the way we sure learned a lot about ________",
    "id": 1982
  },
  {
    "text": "Wes Anderson's new film tells the story of a precocious child coming to terms with ________",
    "id": 1983
  },
  {
    "text": "What's fun until it gets weird?",
    "id": 1984
  },
  {
    "text": "You've seen the bearded lady! You've seen the ring of fire! Now, ladies and gentlemen, feast your eyes upon ________!",
    "id": 1985
  },
  {
    "text": "________ may pass, but ________ will last forever",
    "id": 1986
  },
  {
    "text": "________ will never be the same after ________",
    "id": 1987
  },
  {
    "text": "You guys, I saw this crazy movie last night. It opens on ________, and then there's some stuff about ________, and then it ends with ________",
    "id": 1988
  },
  {
    "text": "They found some more lost episodes! They were found in ________",
    "id": 2082
  },
  {
    "text": "The Doctor did it! He saved the world again! This time using a ________",
    "id": 2083
  },
  {
    "text": "________ was sent to save ________",
    "id": 2084
  },
  {
    "text": "I'd give up ________ to travel with The Doctor",
    "id": 2085
  },
  {
    "text": "The next Doctor Who spin-off is going to be called ________",
    "id": 2086
  },
  {
    "text": "Who should be the 13th doctor?",
    "id": 2087
  },
  {
    "text": "The Chameleon circuit is working again... somewhat. Instead of a phone booth, the TARDIS is now a ________",
    "id": 2088
  },
  {
    "text": "Originally, the 50th anniversary special was going to have ________ appear, but the BBC decided against it in the end",
    "id": 2089
  },
  {
    "text": "After we watch an episode, I've got some ________-flavored Jelly Babies to hand out",
    "id": 2090
  },
  {
    "text": "Wibbly-wobbly timey-wimey ________",
    "id": 2091
  },
  {
    "text": "What's going to be The Doctor's new catch phrase",
    "id": 2092
  },
  {
    "text": "Bowties are ________",
    "id": 2093
  },
  {
    "text": "The voice chip of one of the Cybermen has malfunctioned. Instead of saying \"DELETE!\", it now says \"________\"",
    "id": 2094
  },
  {
    "text": "Old and busted: \"EXTERMINATE!\" New hotness: ________",
    "id": 2095
  },
  {
    "text": "There's a new dance on Gallifrey, it's called the ________",
    "id": 2096
  },
  {
    "text": "They announced a LEGO Doctor Who game! Rumor has it that ________ is an unlockable character",
    "id": 2097
  },
  {
    "text": "FUN FACT: The Daleks were originally shaped to look like ________",
    "id": 2098
  },
  {
    "text": "At this new Doctor Who themed restaurant, you can get a free ________ if you can eat a plate of bangers and mash in under 3 minutes",
    "id": 2099
  },
  {
    "text": "According to the Daleks, ________ is better at ________",
    "id": 2100
  },
  {
    "text": "Who is going to be The Doctor's next companion?",
    "id": 2101
  },
  {
    "text": "I think the BBC is losing it. They just released a Doctor Who-themed ________",
    "id": 2102
  },
  {
    "text": "It's a little-known fact that if you send a ________ to the BBC, they will send you a picture of The Doctor",
    "id": 2103
  },
  {
    "text": "I was okay with all the BAD WOLF graffiti, until someone wrote it on ________",
    "id": 2104
  },
  {
    "text": "Jack Harkness, I can't leave you alone for a minute! I turn around and you're trying to seduce ________",
    "id": 2105
  },
  {
    "text": "In all of time and space, you decide that ________ is a good choice?!",
    "id": 2106
  },
  {
    "text": "Adipose were thought to be made of fat, but are really made of ________",
    "id": 2107
  },
  {
    "text": "I hear the next thing that will cause The Doctor to regenerate is ________",
    "id": 2108
  },
  {
    "text": "________ makes the Homestuck fandom uncomfortable",
    "id": 2480
  },
  {
    "text": "________ stays awake at night, crying over ________",
    "id": 2481
  },
  {
    "text": "________ totally makes me question my sexuality",
    "id": 2482
  },
  {
    "text": "________. On the roof. Now",
    "id": 2483
  },
  {
    "text": "________. It keeps happening!",
    "id": 2484
  },
  {
    "text": "\"Sacred leggings\" was a mistranslation. The Sufferer actually died in Sacred ________",
    "id": 2485
  },
  {
    "text": "After throwing ________ at Karkat’s head, Dave made the intriguing discover that troll horns are very sensitive",
    "id": 2486
  },
  {
    "text": "AG: Who needs luck when you have ________?",
    "id": 2487
  },
  {
    "text": "All ________. All of it!",
    "id": 2488
  },
  {
    "text": "Alternia’s political system was based upon ________",
    "id": 2489
  },
  {
    "text": "Believe it or not, Kankri’s biggest trigger is ________",
    "id": 2490
  },
  {
    "text": "Calliborn wants you to draw pornography of ________",
    "id": 2491
  },
  {
    "text": "Dave Strider likes ________, but only ironically",
    "id": 2492
  },
  {
    "text": "Equius beats up Eridan for ________",
    "id": 2493
  },
  {
    "text": "Everybody out of the god damn way. You’ve got a heart full of ________, a soul full of ________, and a body full of ________. (Draw two, play three)",
    "id": 2494
  },
  {
    "text": "Feferi secretly hates ________",
    "id": 2495
  },
  {
    "text": "For Betty Crocker’s latest ad campaign/brainwashing scheme, she is using ________ as inspiration",
    "id": 2496
  },
  {
    "text": "For his birthday, Dave gave John ________",
    "id": 2497
  },
  {
    "text": "Fuckin’ ________. How do they work?",
    "id": 2498
  },
  {
    "text": "Gamzee not only likes using his clubs for juggling and strifing, he also uses them for________",
    "id": 2499
  },
  {
    "text": "Getting a friend to read Homestuck is like ________",
    "id": 2500
  },
  {
    "text": "How do I live without ________?",
    "id": 2501
  },
  {
    "text": "Hussie died on his quest bed and rose as the fully realized ________ of ________",
    "id": 2502
  },
  {
    "text": "Hussie unintentionally revealed that Homestuck will end with ________ and ________ consummating their relationship at last",
    "id": 2503
  },
  {
    "text": "I am ________. It’s me",
    "id": 2504
  },
  {
    "text": "I finally became Tumblr famous when I released a gifset of ________",
    "id": 2505
  },
  {
    "text": "I just found ________ in my closet it is like fucking christmas up in here",
    "id": 2506
  },
  {
    "text": "I warned you about ________, bro! I told you, dog!",
    "id": 2507
  },
  {
    "text": "In the final battle, John distracts Lord English by showing him ________",
    "id": 2508
  },
  {
    "text": "It’s hard, being ________. It’s hard and no one understands",
    "id": 2509
  },
  {
    "text": "John is a good boy. And he loves ________",
    "id": 2510
  },
  {
    "text": "John may not be a homosexual, but he has a serious thing for ________",
    "id": 2511
  },
  {
    "text": "Kanaya reached into her dead lusus’s stomach and retrieved ________",
    "id": 2512
  },
  {
    "text": "Kanaya tells Karkat about ________ to cheer him up",
    "id": 2513
  },
  {
    "text": "Karkat gave our universe ________",
    "id": 2514
  },
  {
    "text": "Latula and Porrin have decided to teach Kankri about the wonders of ________",
    "id": 2515
  },
  {
    "text": "Little did they know, the key to defeating Lord English was actually ________",
    "id": 2516
  },
  {
    "text": "Little known fact: Kurloz’s stitching is actually made out of ________",
    "id": 2517
  },
  {
    "text": "Nanna baked a cake for John to commemorate ________",
    "id": 2518
  },
  {
    "text": "Nepeta only likes Karkat for his ________",
    "id": 2519
  },
  {
    "text": "Nepeta’s secret OTP is ________ with ________",
    "id": 2520
  },
  {
    "text": "Nobody was surprised to find ________ under Jade’s skirt. The surprise was she used it for/on ________",
    "id": 2521
  },
  {
    "text": "Porrim made Kankri a sweater to cover his ________",
    "id": 2522
  },
  {
    "text": "Problem Sleuth had a hard time investigating ________",
    "id": 2523
  },
  {
    "text": "Rose was rather disgusted when she started reading about ________",
    "id": 2524
  },
  {
    "text": "Terezi can top anyone except ________",
    "id": 2525
  },
  {
    "text": "The hole in Kanaya’s stomach is so large, she can fit ________ in it",
    "id": 2526
  },
  {
    "text": "The next thing Hussie will turn into a sex joke will be ________",
    "id": 2527
  },
  {
    "text": "The only way to beat Vriska in an eating contest is to put ________ on the table",
    "id": 2528
  },
  {
    "text": "The real reason Terezi stabbed Vriska was to punish her for ________",
    "id": 2529
  },
  {
    "text": "The secret way to achieve God Tier is to die on top of ________",
    "id": 2530
  },
  {
    "text": "The thing that made Kankri break his vow of celibacy was ________",
    "id": 2531
  },
  {
    "text": "Turns out, pre-entry prototyping with ________ was not the best idea",
    "id": 2532
  },
  {
    "text": "Vriska killed Spidermom with ________",
    "id": 2533
  },
  {
    "text": "Vriska roleplays ________ with Terezi as ________",
    "id": 2534
  },
  {
    "text": "Vriska’s greatest regret is ________",
    "id": 2535
  },
  {
    "text": "Wear  ________. Be ________",
    "id": 2536
  },
  {
    "text": "What did Jake get Dirk for his birthday?",
    "id": 2537
  },
  {
    "text": "What is the worst thing that Terezi ever licked?",
    "id": 2538
  },
  {
    "text": "What is your OT3? (Draw 2, play 3.)",
    "id": 2539
  },
  {
    "text": "What makes your kokoro go \"doki doki\"?",
    "id": 2540
  },
  {
    "text": "What's in the box, Jack?",
    "id": 2541
  },
  {
    "text": "When a bucket is unavailable, trolls with use ________",
    "id": 2542
  },
  {
    "text": "When Dave received ________ from his Bro for his 9th birthday, be felt a little warm inside",
    "id": 2543
  },
  {
    "text": "Whenever I see ________ on MSPARP, I disconnect immediately",
    "id": 2544
  },
  {
    "text": "where doing it man. where MAKING ________ HAPEN!",
    "id": 2545
  },
  {
    "text": "Your name is JOHN EGBERT and boy do you love ________!",
    "id": 2546
  },
  {
    "text": "Hey, Susie. I know your job is ________ but can you just grab me ________? Thanks",
    "id": 2549
  },
  {
    "text": "This month in Cosmo: how to give your man ________ at the expense of ________",
    "id": 2562
  },
  {
    "text": "Are you there, God? It's me, ________",
    "id": 2578
  },
  {
    "text": "50 Shades of ________",
    "id": 2580
  },
  {
    "text": "It's not length, it's ________",
    "id": 2583
  },
  {
    "text": "Whatever, Peeta. You'll never understand my struggle with ________",
    "id": 2587
  },
  {
    "text": "Men are from ________, women are from ________",
    "id": 2591
  },
  {
    "text": "Why does the Komen Foundation hate Planned Parenthood?",
    "id": 2594
  },
  {
    "text": "Math is hard. Let's go ________!",
    "id": 2597
  },
  {
    "text": "The latest proposal in the Texas legislature is to take away ________ from women",
    "id": 2599
  },
  {
    "text": "If you don't mind my asking, how *do* lesbians have sex?",
    "id": 2602
  },
  {
    "text": "In her next romcom, Katherine Heigl plays a woman who falls in love with her boss's ________",
    "id": 2606
  },
  {
    "text": "The Pantone color of the year is inspired by ________",
    "id": 2610
  },
  {
    "text": "What is Olivia Pope's secret to removing red wine stains from white clothes?",
    "id": 2612
  },
  {
    "text": "Why exactly was Alanis so mad at Uncle Joey?",
    "id": 2616
  },
  {
    "text": "Why do men on the Internet send me pictures of ________?",
    "id": 2619
  },
  {
    "text": "What's my weapon of choice in the \"War on Women\"?",
    "id": 2624
  },
  {
    "text": "What's Seth MacFarlane's problem?",
    "id": 2631
  },
  {
    "text": "I couldn't help but wonder: was it Mr. Big, or was it ________?",
    "id": 2638
  },
  {
    "text": "What fell into my bra?",
    "id": 2641
  },
  {
    "text": "What's my preferred method of contraception?",
    "id": 2645
  },
  {
    "text": "Sofia Coppola's new film focuses on a wealthy young white woman feeling alienated by ________",
    "id": 2648
  },
  {
    "text": "________: the Tori Amos song that changed my life",
    "id": 2651
  },
  {
    "text": "Something old, something new, something borrowed, and ________",
    "id": 2653
  },
  {
    "text": "Why can't we have nice things?",
    "id": 2657
  },
  {
    "text": "In an attempt to reach a wider audience, the Royal Ontario Museum has opened an interactive exhibit on ________",
    "id": 2661
  },
  {
    "text": "What's the Canadian government using to inspire rural students to suceed?",
    "id": 2662
  },
  {
    "text": "in the next Bob and Doug McKenzie adventure, they have to find ________ to uncover a sinister plot involving ________ and ________",
    "id": 2663
  },
  {
    "text": "Air canada guidelines now prohibit ________ on airplanes",
    "id": 2664
  },
  {
    "text": "CTV presents ________, the store of ________",
    "id": 2665
  },
  {
    "text": "In Vancouver it is now legal to ________",
    "id": 2666
  },
  {
    "text": "O Canada, we stand on guard for ________",
    "id": 2667
  },
  {
    "text": "If ________ came in two-fours, Canada would be more ________",
    "id": 2668
  },
  {
    "text": "After unifying the GST and PST, the Government can now afford to provide ________ for ________",
    "id": 2669
  },
  {
    "text": "When Verity snuck out for her nightly exhibitionistic jaunt, she didn't expect to come face to face with ________",
    "id": 2697
  },
  {
    "text": "Programmable clothes that can turn into any imaginable garment are great, but didn't the designers consider ________?",
    "id": 2698
  },
  {
    "text": "Procurator Marcus Amandus set out to explore Lake Ontarius and discovered ________",
    "id": 2699
  },
  {
    "text": "You can satiate any sexual proclivity in Metamor City, if you look hard enough. Even ________",
    "id": 2700
  },
  {
    "text": "The new performers in the Artbodies strip club have raised a few eyebrows. Who'd have thought to combine ________ with ________?",
    "id": 2701
  },
  {
    "text": "In the next episode of Monster Whisperer, Dale Clearwater helps a ________ whose tentacle monster is plagued with ________",
    "id": 2702
  },
  {
    "text": "The title of the new erotica anthology this month is: 'Like ________.'",
    "id": 2703
  },
  {
    "text": "Because of the 'accident' yesterday, the Scout Academy now forbids cadets from having any contact whatsoever with ________",
    "id": 2704
  },
  {
    "text": "When confronted by an excited tentacle monster, it's best to just relax and think of ________",
    "id": 2705
  },
  {
    "text": "A Man, A Woman, and a ________",
    "id": 2706
  },
  {
    "text": "But wait, there's more! If you order ________ in the next 15 minutes, we'll throw in ________ absolutely free!",
    "id": 2752
  },
  {
    "text": "Because they are forbidden from masturbating, Mormons channel their repressed sexual energy into ________",
    "id": 2753
  },
  {
    "text": "Blessed are you, Lord our God, creator of the universe, who has granted us ________",
    "id": 2754
  },
  {
    "text": "I really hope my grandma doesn't ask me to explain ________ again",
    "id": 2755
  },
  {
    "text": "What's the one thing that makes an elf instantly ejaculate?",
    "id": 2756
  },
  {
    "text": "Here's what you can expect for the new year. Out:________. In: ________",
    "id": 2757
  },
  {
    "text": "Revealed: Why He Really Resigned! Pope Benedict's Secret Struggle with ________!",
    "id": 2758
  },
  {
    "text": "Kids these days with their iPods and their Internet. In my day, all we needed to pass the time was ________",
    "id": 2759
  },
  {
    "text": "GREETINGS HUMANS I AM ________ BOT EXECUTING PROGRAM",
    "id": 2760
  },
  {
    "text": "Siskel and Ebert have panned ________ as \"poorly conceived\" and \"sloppily executed.\"",
    "id": 2784
  },
  {
    "text": "Up next on Nickelodeon: \"Clarissa Explains ________.\"",
    "id": 2785
  },
  {
    "text": "I'm a bitch, I'm a lover, I'm a child, I'm ________",
    "id": 2786
  },
  {
    "text": "Yo' mama so fat she ________!",
    "id": 2871
  },
  {
    "text": "What killed my boner?",
    "id": 2872
  },
  {
    "text": "Hi MTV! My name is Kendra, I live in Malibu, I'm into ________, and I love to have a good time",
    "id": 2880
  }
]